{"data":{"workLandingJson":{"metaData":{"title":"Works","metaTitle":"Caixie | Case Studies | Web Design, Creative, Brand Strategy Projects","description":"Caixie works with leading global companies and forward-thinking startups from Silicon Valley and beyond. Explore our featured digital projects here.","keywords":"Caixie, case studies, case study, digital design, website, web design, web development, ui, ux, user interface, user experience, creative, strategy, brand, branding, identity, corporate, technology, tech, b2b, b2c, ecommerce, ecomm"},"heroRibbonText":"采撷案例","heroHeadline":"我们的作品","heroDescription":"通过优秀的设计和用户体验解决各种业务需求。"},"allWorkJson":{"edges":[{"node":{"id":"1","order":10,"slug":"chinauff-spring","project":"老娘舅-春节集福","type":"H5 Website","thumbnail":{"file":{"url":"/assets/case-chinauffSpring-featured.png","fileName":"case-chinauffSpring-featured.png","contentType":"image/png"},"description":"老娘舅春节集福","fluid":{"src":"/assets/case-chinauffSpring-featured.png","srcSet":"","aspectRatio":0.7486631016042781,"srcWebp":null,"srcSetWebp":null,"sizes":"(max-width: 840px) 100vw, 840px"}},"metaData":{"title":"老娘舅春节活动","metaTitle":"采撷科技 | 老娘舅春节集福活动 网站案例 | H5 网站设计, 用户体验, 营销活动","description":"总部位于江苏湖州的连销餐饮企业, 老娘舅, 为 2019 新年策划的营销活动系统，基于微信公众平台接口，采用AI图像识别技术，线上线下结合拉新用户，礼品兑换，卡劵奖励等活动.","keywords":""}}},{"node":{"id":"aed61ff4-70d2-5bf3-9a3f-5302393dfc7f","order":15,"slug":"arlo","project":"Arlo","type":"H5 Website","thumbnail":{"file":{"url":"//images.ctfassets.net/eqb1x10m46e1/477EnlyHcLyEkA7a5XCQDK/afc633d87118a493e00ec3218cfdbfc6/arlo.jpg","fileName":"arlo.jpg","contentType":"image/jpeg"},"description":"","fluid":{"src":"//images.ctfassets.net/eqb1x10m46e1/477EnlyHcLyEkA7a5XCQDK/afc633d87118a493e00ec3218cfdbfc6/arlo.jpg?w=840&q=90","srcSet":"//images.ctfassets.net/eqb1x10m46e1/477EnlyHcLyEkA7a5XCQDK/afc633d87118a493e00ec3218cfdbfc6/arlo.jpg?w=210&h=281&q=90 210w,\n//images.ctfassets.net/eqb1x10m46e1/477EnlyHcLyEkA7a5XCQDK/afc633d87118a493e00ec3218cfdbfc6/arlo.jpg?w=420&h=561&q=90 420w,\n//images.ctfassets.net/eqb1x10m46e1/477EnlyHcLyEkA7a5XCQDK/afc633d87118a493e00ec3218cfdbfc6/arlo.jpg?w=840&h=1122&q=90 840w","aspectRatio":0.7486631016042781,"srcWebp":"//images.ctfassets.net/eqb1x10m46e1/477EnlyHcLyEkA7a5XCQDK/afc633d87118a493e00ec3218cfdbfc6/arlo.jpg?w=840&q=90&fm=webp","srcSetWebp":"//images.ctfassets.net/eqb1x10m46e1/477EnlyHcLyEkA7a5XCQDK/afc633d87118a493e00ec3218cfdbfc6/arlo.jpg?w=210&h=281&q=90&fm=webp 210w,\n//images.ctfassets.net/eqb1x10m46e1/477EnlyHcLyEkA7a5XCQDK/afc633d87118a493e00ec3218cfdbfc6/arlo.jpg?w=420&h=561&q=90&fm=webp 420w,\n//images.ctfassets.net/eqb1x10m46e1/477EnlyHcLyEkA7a5XCQDK/afc633d87118a493e00ec3218cfdbfc6/arlo.jpg?w=840&h=1122&q=90&fm=webp 840w","sizes":"(max-width: 840px) 100vw, 840px"}},"metaData":{"title":"Arlo","metaTitle":"Baunfire | Arlo Website Case Study | Web Design, User Experience, eCommerce","description":"Arlo looked to Baunfire to build a user-friendly eCommerce website, optimized for engagement and conversion. Explore the case study here.","keywords":"baunfire, arlo, case study, website, web design, web development, ui, ux, user interface, user experience, interactive, ecommerce, ecomm, digital design, digital strategy, brand strategy, marketing, creative"}}},{"node":{"id":"37e07e88-f6f5-5b0a-96af-de317f294c71","order":30,"slug":"gotenna","project":"goTenna","type":"H5 Website","thumbnail":{"file":{"url":"//images.ctfassets.net/eqb1x10m46e1/3s30HCgvSNHA4YHXtGtBEm/14d539f14252a86829dd004491e40ac0/work_thumbnail_02__1_.jpg","fileName":"work_thumbnail_02 (1).jpg","contentType":"image/jpeg"},"description":"","fluid":{"src":"//images.ctfassets.net/eqb1x10m46e1/3s30HCgvSNHA4YHXtGtBEm/14d539f14252a86829dd004491e40ac0/work_thumbnail_02__1_.jpg?w=840&q=90","srcSet":"//images.ctfassets.net/eqb1x10m46e1/3s30HCgvSNHA4YHXtGtBEm/14d539f14252a86829dd004491e40ac0/work_thumbnail_02__1_.jpg?w=210&h=281&q=90 210w,\n//images.ctfassets.net/eqb1x10m46e1/3s30HCgvSNHA4YHXtGtBEm/14d539f14252a86829dd004491e40ac0/work_thumbnail_02__1_.jpg?w=420&h=561&q=90 420w,\n//images.ctfassets.net/eqb1x10m46e1/3s30HCgvSNHA4YHXtGtBEm/14d539f14252a86829dd004491e40ac0/work_thumbnail_02__1_.jpg?w=840&h=1122&q=90 840w","aspectRatio":0.7486631016042781,"srcWebp":"//images.ctfassets.net/eqb1x10m46e1/3s30HCgvSNHA4YHXtGtBEm/14d539f14252a86829dd004491e40ac0/work_thumbnail_02__1_.jpg?w=840&q=90&fm=webp","srcSetWebp":"//images.ctfassets.net/eqb1x10m46e1/3s30HCgvSNHA4YHXtGtBEm/14d539f14252a86829dd004491e40ac0/work_thumbnail_02__1_.jpg?w=210&h=281&q=90&fm=webp 210w,\n//images.ctfassets.net/eqb1x10m46e1/3s30HCgvSNHA4YHXtGtBEm/14d539f14252a86829dd004491e40ac0/work_thumbnail_02__1_.jpg?w=420&h=561&q=90&fm=webp 420w,\n//images.ctfassets.net/eqb1x10m46e1/3s30HCgvSNHA4YHXtGtBEm/14d539f14252a86829dd004491e40ac0/work_thumbnail_02__1_.jpg?w=840&h=1122&q=90&fm=webp 840w","sizes":"(max-width: 840px) 100vw, 840px"}},"metaData":{"title":"goTenna","metaTitle":"Baunfire | goTenna Website Case Study | Web Design, User Experience, eCommerce","description":"goTenna reached out to Baunfire to redesign their eCommerce website for both their consumer and enterprise business units. Explore the case study here.","keywords":"baunfire, gotenna, case study, website, web design, ui, ux, user interface, user experience, interactive, ecommerce, ecomm, digital design, digital strategy, brand strategy, marketing, creative"}}},{"node":{"id":"b51536b6-4f10-5106-953d-0f3e3691b00b","order":35,"slug":"netgear","project":"Netgear","type":"H5 Website","thumbnail":{"file":{"url":"//images.ctfassets.net/eqb1x10m46e1/2wRNHwKgtUM5Hyl4boeVfD/778ecbfc8c13736ce6fc64b5688f4763/netgear.jpg","fileName":"netgear.jpg","contentType":"image/jpeg"},"description":"","fluid":{"src":"//images.ctfassets.net/eqb1x10m46e1/2wRNHwKgtUM5Hyl4boeVfD/778ecbfc8c13736ce6fc64b5688f4763/netgear.jpg?w=840&q=90","srcSet":"//images.ctfassets.net/eqb1x10m46e1/2wRNHwKgtUM5Hyl4boeVfD/778ecbfc8c13736ce6fc64b5688f4763/netgear.jpg?w=210&h=281&q=90 210w,\n//images.ctfassets.net/eqb1x10m46e1/2wRNHwKgtUM5Hyl4boeVfD/778ecbfc8c13736ce6fc64b5688f4763/netgear.jpg?w=420&h=561&q=90 420w,\n//images.ctfassets.net/eqb1x10m46e1/2wRNHwKgtUM5Hyl4boeVfD/778ecbfc8c13736ce6fc64b5688f4763/netgear.jpg?w=840&h=1122&q=90 840w","aspectRatio":0.7486631016042781,"srcWebp":"//images.ctfassets.net/eqb1x10m46e1/2wRNHwKgtUM5Hyl4boeVfD/778ecbfc8c13736ce6fc64b5688f4763/netgear.jpg?w=840&q=90&fm=webp","srcSetWebp":"//images.ctfassets.net/eqb1x10m46e1/2wRNHwKgtUM5Hyl4boeVfD/778ecbfc8c13736ce6fc64b5688f4763/netgear.jpg?w=210&h=281&q=90&fm=webp 210w,\n//images.ctfassets.net/eqb1x10m46e1/2wRNHwKgtUM5Hyl4boeVfD/778ecbfc8c13736ce6fc64b5688f4763/netgear.jpg?w=420&h=561&q=90&fm=webp 420w,\n//images.ctfassets.net/eqb1x10m46e1/2wRNHwKgtUM5Hyl4boeVfD/778ecbfc8c13736ce6fc64b5688f4763/netgear.jpg?w=840&h=1122&q=90&fm=webp 840w","sizes":"(max-width: 840px) 100vw, 840px"}},"metaData":{"title":"Netgear","metaTitle":"Baunfire | Netgear Website Case Study | Web Design, User Experience, eCommerce","description":"Netgear reached out to Baunfire to help drive user traffic, engagement, and conversion with an all-new corporate website. Explore the case study here.","keywords":"baunfire, netgear, case study, website, web design, ui, ux, user interface, user experience, interactive, ecommerce, ecomm, digital design, digital strategy, brand strategy, marketing, creative"}}},{"node":{"id":"bbf4ecb5-2138-57cf-b665-95e7030e610a","order":40,"slug":"silicon-valley","project":"Silicon Valley","type":"H5 Website","thumbnail":{"file":{"url":"//images.ctfassets.net/eqb1x10m46e1/1R7jpiDnBn38GYO41ZDDKW/c634cb8d81748991a538503411fc402d/Baunfire_SV1.gif","fileName":"Baunfire_SV1.gif","contentType":"image/gif"},"description":"","fluid":{"src":"//images.ctfassets.net/eqb1x10m46e1/1R7jpiDnBn38GYO41ZDDKW/c634cb8d81748991a538503411fc402d/Baunfire_SV1.gif?w=840&q=90","srcSet":"//images.ctfassets.net/eqb1x10m46e1/1R7jpiDnBn38GYO41ZDDKW/c634cb8d81748991a538503411fc402d/Baunfire_SV1.gif?w=210&h=281&q=90 210w,\n//images.ctfassets.net/eqb1x10m46e1/1R7jpiDnBn38GYO41ZDDKW/c634cb8d81748991a538503411fc402d/Baunfire_SV1.gif?w=420&h=561&q=90 420w,\n//images.ctfassets.net/eqb1x10m46e1/1R7jpiDnBn38GYO41ZDDKW/c634cb8d81748991a538503411fc402d/Baunfire_SV1.gif?w=840&h=1122&q=90 840w","aspectRatio":0.7486631016042781,"srcWebp":"//images.ctfassets.net/eqb1x10m46e1/1R7jpiDnBn38GYO41ZDDKW/c634cb8d81748991a538503411fc402d/Baunfire_SV1.gif?w=840&q=90&fm=webp","srcSetWebp":"//images.ctfassets.net/eqb1x10m46e1/1R7jpiDnBn38GYO41ZDDKW/c634cb8d81748991a538503411fc402d/Baunfire_SV1.gif?w=210&h=281&q=90&fm=webp 210w,\n//images.ctfassets.net/eqb1x10m46e1/1R7jpiDnBn38GYO41ZDDKW/c634cb8d81748991a538503411fc402d/Baunfire_SV1.gif?w=420&h=561&q=90&fm=webp 420w,\n//images.ctfassets.net/eqb1x10m46e1/1R7jpiDnBn38GYO41ZDDKW/c634cb8d81748991a538503411fc402d/Baunfire_SV1.gif?w=840&h=1122&q=90&fm=webp 840w","sizes":"(max-width: 840px) 100vw, 840px"}},"metaData":{"title":"Silicon Valley","metaTitle":"Baunfire | Silicon Valley Website Case Study | Web Design, User Experience, Interactive","description":"Baunfire built a microsite experience that showcases different perspectives from design-driven tech companies in the Bay Area. Explore the case study here.","keywords":"baunfire, silicon valley, case study, website, web design, web development, ui, ux, user interface, user experience, interactive, ecommerce, ecomm, digital design, digital strategy, corporate, technology, tech"}}},{"node":{"id":"96d3db4c-de5b-5bbd-a5ee-f2c34c6d30d4","order":45,"slug":"orbi","project":"Orbi","type":"H5 Website","thumbnail":{"file":{"url":"//images.ctfassets.net/eqb1x10m46e1/7hk4j9dHI11i8PSxZir46k/3f303c6bb5e2ca0eca63e2dcae0caf88/orbi.jpg","fileName":"orbi.jpg","contentType":"image/jpeg"},"description":"","fluid":{"src":"//images.ctfassets.net/eqb1x10m46e1/7hk4j9dHI11i8PSxZir46k/3f303c6bb5e2ca0eca63e2dcae0caf88/orbi.jpg?w=840&q=90","srcSet":"//images.ctfassets.net/eqb1x10m46e1/7hk4j9dHI11i8PSxZir46k/3f303c6bb5e2ca0eca63e2dcae0caf88/orbi.jpg?w=210&h=281&q=90 210w,\n//images.ctfassets.net/eqb1x10m46e1/7hk4j9dHI11i8PSxZir46k/3f303c6bb5e2ca0eca63e2dcae0caf88/orbi.jpg?w=420&h=561&q=90 420w,\n//images.ctfassets.net/eqb1x10m46e1/7hk4j9dHI11i8PSxZir46k/3f303c6bb5e2ca0eca63e2dcae0caf88/orbi.jpg?w=840&h=1122&q=90 840w","aspectRatio":0.7486631016042781,"srcWebp":"//images.ctfassets.net/eqb1x10m46e1/7hk4j9dHI11i8PSxZir46k/3f303c6bb5e2ca0eca63e2dcae0caf88/orbi.jpg?w=840&q=90&fm=webp","srcSetWebp":"//images.ctfassets.net/eqb1x10m46e1/7hk4j9dHI11i8PSxZir46k/3f303c6bb5e2ca0eca63e2dcae0caf88/orbi.jpg?w=210&h=281&q=90&fm=webp 210w,\n//images.ctfassets.net/eqb1x10m46e1/7hk4j9dHI11i8PSxZir46k/3f303c6bb5e2ca0eca63e2dcae0caf88/orbi.jpg?w=420&h=561&q=90&fm=webp 420w,\n//images.ctfassets.net/eqb1x10m46e1/7hk4j9dHI11i8PSxZir46k/3f303c6bb5e2ca0eca63e2dcae0caf88/orbi.jpg?w=840&h=1122&q=90&fm=webp 840w","sizes":"(max-width: 840px) 100vw, 840px"}},"metaData":{"title":"Orbi","metaTitle":"Baunfire | Orbi Website Case Study | Web Design, User Experience, eCommerce","description":"To support Orbi's global launch, Baunfire was asked to build a modern website to drive traffic and sales online. Explore the case study here.","keywords":"baunfire, orbi, case study, website, web design, web development, ui, ux, user interface, user experience, interactive, ecommerce, ecomm, digital design, digital strategy, brand strategy, marketing, creative"}}}]}},"pageContext":{}}