{"app":["/app-c2b64a483c2615abc1c5.js"],"component---src-pages-404-js":["/component---src-pages-404-js-9afd262f7932f96fc4e9.js"],"component---src-pages-about-jsx":["/component---src-pages-about-jsx-ad6364e54b7a638bcc0e.js"],"component---src-pages-blog-jsx":["/component---src-pages-blog-jsx-ba4ab5c129a5f469fccf.js"],"component---src-pages-blog-nuxt-website-js":["/component---src-pages-blog-nuxt-website-js-0f537cd2cce65ad37d0b.js"],"component---src-pages-case-study-chinauff-spring-js":["/component---src-pages-case-study-chinauff-spring-js-7f2f1b082934cef4f7e4.js"],"component---src-pages-case-study-cmf-js":["/component---src-pages-case-study-cmf-js-0c12672b53325ce4c554.js"],"component---src-pages-case-study-disney-english-js":["/component---src-pages-case-study-disney-english-js-4ddb37a7a66c4eada93f.js"],"component---src-pages-case-study-facial-js":["/component---src-pages-case-study-facial-js-528348ec849baeeba46c.js"],"component---src-pages-case-study-pinyin-js":["/component---src-pages-case-study-pinyin-js-d0849ea69d516e8b7266.js"],"component---src-pages-case-study-podcast-js":["/component---src-pages-case-study-podcast-js-794764801026712b9277.js"],"component---src-pages-case-study-vrlab-js":["/component---src-pages-case-study-vrlab-js-60e53675ab4f63ac7a83.js"],"component---src-pages-home-jsx":["/component---src-pages-home-jsx-36dc7f5ed9f345feb790.js"],"component---src-pages-index-jsx":["/component---src-pages-index-jsx-e43654677658b9ff18a3.js"],"component---src-pages-projects-js":["/component---src-pages-projects-js-6a5a0a7fa19d14c1970e.js"],"pages-manifest":["/pages-manifest-abc456a40c465d564d62.js"]}