{"data":{"homepageJson":{"id":"5445ab58-2343-50b8-a00a-2095c119e46e","metaData":{"title":"首页","metaTitle":"采撷科技 | 北京科技公司 | 产品战略咨询，网站设计，用户体验设计，技术服务","description":"Baunfire is an award-winning digital agency that designs and develops elevated websites in Silicon Valley. Say hello to build something great with us.","keywords":"采撷科技，app定制开发,专业app定制开发,app定制开发团队,多年app定制开发,iOS开发,安卓开发,软件外包,互联网转型,北京软件开发,北京APP开发,北京iOS开发,APP外包,北京安卓开发,北京软件外包, digital agency, digital design, website, redesign, web design, web development, ui, ux, user interface, user experience, interactive, creative, strategy, brand, branding, silicon valley, san jose, bay area, corporate, technology, tech, b2b, b2c"},"heroRibbonText":"我们是 采撷科技","heroHeadline":"采撷=产品战略咨询公司+用户体验设计公司+技术服务公司","heroDescription":"我们是一个由产品经理、设计师和开发人员组成的创意团队.","heroButtonText":"关于我们","worksTitle":"一些有特色的案例","worksDescription":"从项目中了解我们更多","introRibbonText":"一个数字产品服务公司","introText":"我们为企业提供综合性产品技术创新服务，包含互联网转型和业务线上扩张、数字化运营和效率转化、产品迭代和产业务孵化\f","servicesTitle":"我们所做的","servicesDescription":"What we know and do best.","strategyImage":{"fixed":{"width":625,"height":815,"src":"//images.ctfassets.net/eqb1x10m46e1/2yAYwbAOAsF7SGSkhPr1sB/23d90ab36b4cd303f4b10c6173d19a72/homeservicesstrrategy-3.jpg?w=625&q=90","srcSet":"//images.ctfassets.net/eqb1x10m46e1/2yAYwbAOAsF7SGSkhPr1sB/23d90ab36b4cd303f4b10c6173d19a72/homeservicesstrrategy-3.jpg?w=625&h=815&q=90 1x,\n//images.ctfassets.net/eqb1x10m46e1/2yAYwbAOAsF7SGSkhPr1sB/23d90ab36b4cd303f4b10c6173d19a72/homeservicesstrrategy-3.jpg?w=938&h=1223&q=90 1.5x,\n//images.ctfassets.net/eqb1x10m46e1/2yAYwbAOAsF7SGSkhPr1sB/23d90ab36b4cd303f4b10c6173d19a72/homeservicesstrrategy-3.jpg?w=1250&h=1630&q=90 2x,\n//images.ctfassets.net/eqb1x10m46e1/2yAYwbAOAsF7SGSkhPr1sB/23d90ab36b4cd303f4b10c6173d19a72/homeservicesstrrategy-3.jpg?w=1875&h=2445&q=90 3x","srcWebp":"//images.ctfassets.net/eqb1x10m46e1/2yAYwbAOAsF7SGSkhPr1sB/23d90ab36b4cd303f4b10c6173d19a72/homeservicesstrrategy-3.jpg?w=625&q=90&fm=webp","srcSetWebp":"//images.ctfassets.net/eqb1x10m46e1/2yAYwbAOAsF7SGSkhPr1sB/23d90ab36b4cd303f4b10c6173d19a72/homeservicesstrrategy-3.jpg?w=625&h=815&q=90&fm=webp 1x,\n//images.ctfassets.net/eqb1x10m46e1/2yAYwbAOAsF7SGSkhPr1sB/23d90ab36b4cd303f4b10c6173d19a72/homeservicesstrrategy-3.jpg?w=938&h=1223&q=90&fm=webp 1.5x,\n//images.ctfassets.net/eqb1x10m46e1/2yAYwbAOAsF7SGSkhPr1sB/23d90ab36b4cd303f4b10c6173d19a72/homeservicesstrrategy-3.jpg?w=1250&h=1630&q=90&fm=webp 2x,\n//images.ctfassets.net/eqb1x10m46e1/2yAYwbAOAsF7SGSkhPr1sB/23d90ab36b4cd303f4b10c6173d19a72/homeservicesstrrategy-3.jpg?w=1875&h=2445&q=90&fm=webp 3x"}},"strategyDescription":"我们识别业务挑战并开发解决方案来实现您的目标。","websiteImage":{"fixed":{"width":625,"height":815,"src":"//images.ctfassets.net/eqb1x10m46e1/1taCxxe3ep78ZOX5oJGfML/61895d760fc8c18c3cf0b88e6e8d8662/HomeServices-Websites-3.jpg?w=625&q=90","srcSet":"//images.ctfassets.net/eqb1x10m46e1/1taCxxe3ep78ZOX5oJGfML/61895d760fc8c18c3cf0b88e6e8d8662/HomeServices-Websites-3.jpg?w=625&h=815&q=90 1x,\n//images.ctfassets.net/eqb1x10m46e1/1taCxxe3ep78ZOX5oJGfML/61895d760fc8c18c3cf0b88e6e8d8662/HomeServices-Websites-3.jpg?w=938&h=1223&q=90 1.5x,\n//images.ctfassets.net/eqb1x10m46e1/1taCxxe3ep78ZOX5oJGfML/61895d760fc8c18c3cf0b88e6e8d8662/HomeServices-Websites-3.jpg?w=1250&h=1630&q=90 2x,\n//images.ctfassets.net/eqb1x10m46e1/1taCxxe3ep78ZOX5oJGfML/61895d760fc8c18c3cf0b88e6e8d8662/HomeServices-Websites-3.jpg?w=1875&h=2445&q=90 3x","srcWebp":"//images.ctfassets.net/eqb1x10m46e1/1taCxxe3ep78ZOX5oJGfML/61895d760fc8c18c3cf0b88e6e8d8662/HomeServices-Websites-3.jpg?w=625&q=90&fm=webp","srcSetWebp":"//images.ctfassets.net/eqb1x10m46e1/1taCxxe3ep78ZOX5oJGfML/61895d760fc8c18c3cf0b88e6e8d8662/HomeServices-Websites-3.jpg?w=625&h=815&q=90&fm=webp 1x,\n//images.ctfassets.net/eqb1x10m46e1/1taCxxe3ep78ZOX5oJGfML/61895d760fc8c18c3cf0b88e6e8d8662/HomeServices-Websites-3.jpg?w=938&h=1223&q=90&fm=webp 1.5x,\n//images.ctfassets.net/eqb1x10m46e1/1taCxxe3ep78ZOX5oJGfML/61895d760fc8c18c3cf0b88e6e8d8662/HomeServices-Websites-3.jpg?w=1250&h=1630&q=90&fm=webp 2x,\n//images.ctfassets.net/eqb1x10m46e1/1taCxxe3ep78ZOX5oJGfML/61895d760fc8c18c3cf0b88e6e8d8662/HomeServices-Websites-3.jpg?w=1875&h=2445&q=90&fm=webp 3x"}},"websiteDescription":"    我们通过优秀的用户体验设计和开发来建立良好的用户体验\n.","creativeImage":{"fixed":{"width":625,"height":815,"src":"//images.ctfassets.net/eqb1x10m46e1/2jJIDjCitAbPHNvbnfQj7B/12b5bd41a2027b828820e2a7941a2bb5/HomeServices-Creative-3.jpg?w=625&q=90","srcSet":"//images.ctfassets.net/eqb1x10m46e1/2jJIDjCitAbPHNvbnfQj7B/12b5bd41a2027b828820e2a7941a2bb5/HomeServices-Creative-3.jpg?w=625&h=815&q=90 1x,\n//images.ctfassets.net/eqb1x10m46e1/2jJIDjCitAbPHNvbnfQj7B/12b5bd41a2027b828820e2a7941a2bb5/HomeServices-Creative-3.jpg?w=938&h=1223&q=90 1.5x,\n//images.ctfassets.net/eqb1x10m46e1/2jJIDjCitAbPHNvbnfQj7B/12b5bd41a2027b828820e2a7941a2bb5/HomeServices-Creative-3.jpg?w=1250&h=1630&q=90 2x,\n//images.ctfassets.net/eqb1x10m46e1/2jJIDjCitAbPHNvbnfQj7B/12b5bd41a2027b828820e2a7941a2bb5/HomeServices-Creative-3.jpg?w=1875&h=2445&q=90 3x","srcWebp":"//images.ctfassets.net/eqb1x10m46e1/2jJIDjCitAbPHNvbnfQj7B/12b5bd41a2027b828820e2a7941a2bb5/HomeServices-Creative-3.jpg?w=625&q=90&fm=webp","srcSetWebp":"//images.ctfassets.net/eqb1x10m46e1/2jJIDjCitAbPHNvbnfQj7B/12b5bd41a2027b828820e2a7941a2bb5/HomeServices-Creative-3.jpg?w=625&h=815&q=90&fm=webp 1x,\n//images.ctfassets.net/eqb1x10m46e1/2jJIDjCitAbPHNvbnfQj7B/12b5bd41a2027b828820e2a7941a2bb5/HomeServices-Creative-3.jpg?w=938&h=1223&q=90&fm=webp 1.5x,\n//images.ctfassets.net/eqb1x10m46e1/2jJIDjCitAbPHNvbnfQj7B/12b5bd41a2027b828820e2a7941a2bb5/HomeServices-Creative-3.jpg?w=1250&h=1630&q=90&fm=webp 2x,\n//images.ctfassets.net/eqb1x10m46e1/2jJIDjCitAbPHNvbnfQj7B/12b5bd41a2027b828820e2a7941a2bb5/HomeServices-Creative-3.jpg?w=1875&h=2445&q=90&fm=webp 3x"}},"creativeDescription":"我们设计的视觉吸引营销资产，以帮助推动您的品牌前进。","insightsTitle":"Latest Insights","insightsDescription":"Our thoughts and perspectives on digital."},"allWorkJson":{"edges":[{"node":{"id":"1","order":10,"slug":"chinauff-spring","project":"老娘舅-春节集福","type":"H5 Website","thumbnail":{"file":{"url":"/assets/case-chinauffSpring-featured.png","fileName":"case-chinauffSpring-featured.png","contentType":"image/png"},"description":"老娘舅春节集福","fluid":{"src":"/assets/case-chinauffSpring-featured.png","srcSet":"","aspectRatio":0.7486631016042781,"srcWebp":null,"srcSetWebp":null,"sizes":"(max-width: 840px) 100vw, 840px"}},"metaData":{"title":"老娘舅春节活动","metaTitle":"采撷科技 | 老娘舅春节集福活动 网站案例 | H5 网站设计, 用户体验, 营销活动","description":"总部位于江苏湖州的连销餐饮企业, 老娘舅, 为 2019 新年策划的营销活动系统，基于微信公众平台接口，采用AI图像识别技术，线上线下结合拉新用户，礼品兑换，卡劵奖励等活动.","keywords":""}}},{"node":{"id":"aed61ff4-70d2-5bf3-9a3f-5302393dfc7f","order":15,"slug":"arlo","project":"Arlo","type":"H5 Website","thumbnail":{"file":{"url":"//images.ctfassets.net/eqb1x10m46e1/477EnlyHcLyEkA7a5XCQDK/afc633d87118a493e00ec3218cfdbfc6/arlo.jpg","fileName":"arlo.jpg","contentType":"image/jpeg"},"description":"","fluid":{"src":"//images.ctfassets.net/eqb1x10m46e1/477EnlyHcLyEkA7a5XCQDK/afc633d87118a493e00ec3218cfdbfc6/arlo.jpg?w=840&q=90","srcSet":"//images.ctfassets.net/eqb1x10m46e1/477EnlyHcLyEkA7a5XCQDK/afc633d87118a493e00ec3218cfdbfc6/arlo.jpg?w=210&h=281&q=90 210w,\n//images.ctfassets.net/eqb1x10m46e1/477EnlyHcLyEkA7a5XCQDK/afc633d87118a493e00ec3218cfdbfc6/arlo.jpg?w=420&h=561&q=90 420w,\n//images.ctfassets.net/eqb1x10m46e1/477EnlyHcLyEkA7a5XCQDK/afc633d87118a493e00ec3218cfdbfc6/arlo.jpg?w=840&h=1122&q=90 840w","aspectRatio":0.7486631016042781,"srcWebp":"//images.ctfassets.net/eqb1x10m46e1/477EnlyHcLyEkA7a5XCQDK/afc633d87118a493e00ec3218cfdbfc6/arlo.jpg?w=840&q=90&fm=webp","srcSetWebp":"//images.ctfassets.net/eqb1x10m46e1/477EnlyHcLyEkA7a5XCQDK/afc633d87118a493e00ec3218cfdbfc6/arlo.jpg?w=210&h=281&q=90&fm=webp 210w,\n//images.ctfassets.net/eqb1x10m46e1/477EnlyHcLyEkA7a5XCQDK/afc633d87118a493e00ec3218cfdbfc6/arlo.jpg?w=420&h=561&q=90&fm=webp 420w,\n//images.ctfassets.net/eqb1x10m46e1/477EnlyHcLyEkA7a5XCQDK/afc633d87118a493e00ec3218cfdbfc6/arlo.jpg?w=840&h=1122&q=90&fm=webp 840w","sizes":"(max-width: 840px) 100vw, 840px"}},"metaData":{"title":"Arlo","metaTitle":"Baunfire | Arlo Website Case Study | Web Design, User Experience, eCommerce","description":"Arlo looked to Baunfire to build a user-friendly eCommerce website, optimized for engagement and conversion. Explore the case study here.","keywords":"baunfire, arlo, case study, website, web design, web development, ui, ux, user interface, user experience, interactive, ecommerce, ecomm, digital design, digital strategy, brand strategy, marketing, creative"}}},{"node":{"id":"37e07e88-f6f5-5b0a-96af-de317f294c71","order":30,"slug":"gotenna","project":"goTenna","type":"H5 Website","thumbnail":{"file":{"url":"//images.ctfassets.net/eqb1x10m46e1/3s30HCgvSNHA4YHXtGtBEm/14d539f14252a86829dd004491e40ac0/work_thumbnail_02__1_.jpg","fileName":"work_thumbnail_02 (1).jpg","contentType":"image/jpeg"},"description":"","fluid":{"src":"//images.ctfassets.net/eqb1x10m46e1/3s30HCgvSNHA4YHXtGtBEm/14d539f14252a86829dd004491e40ac0/work_thumbnail_02__1_.jpg?w=840&q=90","srcSet":"//images.ctfassets.net/eqb1x10m46e1/3s30HCgvSNHA4YHXtGtBEm/14d539f14252a86829dd004491e40ac0/work_thumbnail_02__1_.jpg?w=210&h=281&q=90 210w,\n//images.ctfassets.net/eqb1x10m46e1/3s30HCgvSNHA4YHXtGtBEm/14d539f14252a86829dd004491e40ac0/work_thumbnail_02__1_.jpg?w=420&h=561&q=90 420w,\n//images.ctfassets.net/eqb1x10m46e1/3s30HCgvSNHA4YHXtGtBEm/14d539f14252a86829dd004491e40ac0/work_thumbnail_02__1_.jpg?w=840&h=1122&q=90 840w","aspectRatio":0.7486631016042781,"srcWebp":"//images.ctfassets.net/eqb1x10m46e1/3s30HCgvSNHA4YHXtGtBEm/14d539f14252a86829dd004491e40ac0/work_thumbnail_02__1_.jpg?w=840&q=90&fm=webp","srcSetWebp":"//images.ctfassets.net/eqb1x10m46e1/3s30HCgvSNHA4YHXtGtBEm/14d539f14252a86829dd004491e40ac0/work_thumbnail_02__1_.jpg?w=210&h=281&q=90&fm=webp 210w,\n//images.ctfassets.net/eqb1x10m46e1/3s30HCgvSNHA4YHXtGtBEm/14d539f14252a86829dd004491e40ac0/work_thumbnail_02__1_.jpg?w=420&h=561&q=90&fm=webp 420w,\n//images.ctfassets.net/eqb1x10m46e1/3s30HCgvSNHA4YHXtGtBEm/14d539f14252a86829dd004491e40ac0/work_thumbnail_02__1_.jpg?w=840&h=1122&q=90&fm=webp 840w","sizes":"(max-width: 840px) 100vw, 840px"}},"metaData":{"title":"goTenna","metaTitle":"Baunfire | goTenna Website Case Study | Web Design, User Experience, eCommerce","description":"goTenna reached out to Baunfire to redesign their eCommerce website for both their consumer and enterprise business units. Explore the case study here.","keywords":"baunfire, gotenna, case study, website, web design, ui, ux, user interface, user experience, interactive, ecommerce, ecomm, digital design, digital strategy, brand strategy, marketing, creative"}}},{"node":{"id":"b51536b6-4f10-5106-953d-0f3e3691b00b","order":35,"slug":"netgear","project":"Netgear","type":"H5 Website","thumbnail":{"file":{"url":"//images.ctfassets.net/eqb1x10m46e1/2wRNHwKgtUM5Hyl4boeVfD/778ecbfc8c13736ce6fc64b5688f4763/netgear.jpg","fileName":"netgear.jpg","contentType":"image/jpeg"},"description":"","fluid":{"src":"//images.ctfassets.net/eqb1x10m46e1/2wRNHwKgtUM5Hyl4boeVfD/778ecbfc8c13736ce6fc64b5688f4763/netgear.jpg?w=840&q=90","srcSet":"//images.ctfassets.net/eqb1x10m46e1/2wRNHwKgtUM5Hyl4boeVfD/778ecbfc8c13736ce6fc64b5688f4763/netgear.jpg?w=210&h=281&q=90 210w,\n//images.ctfassets.net/eqb1x10m46e1/2wRNHwKgtUM5Hyl4boeVfD/778ecbfc8c13736ce6fc64b5688f4763/netgear.jpg?w=420&h=561&q=90 420w,\n//images.ctfassets.net/eqb1x10m46e1/2wRNHwKgtUM5Hyl4boeVfD/778ecbfc8c13736ce6fc64b5688f4763/netgear.jpg?w=840&h=1122&q=90 840w","aspectRatio":0.7486631016042781,"srcWebp":"//images.ctfassets.net/eqb1x10m46e1/2wRNHwKgtUM5Hyl4boeVfD/778ecbfc8c13736ce6fc64b5688f4763/netgear.jpg?w=840&q=90&fm=webp","srcSetWebp":"//images.ctfassets.net/eqb1x10m46e1/2wRNHwKgtUM5Hyl4boeVfD/778ecbfc8c13736ce6fc64b5688f4763/netgear.jpg?w=210&h=281&q=90&fm=webp 210w,\n//images.ctfassets.net/eqb1x10m46e1/2wRNHwKgtUM5Hyl4boeVfD/778ecbfc8c13736ce6fc64b5688f4763/netgear.jpg?w=420&h=561&q=90&fm=webp 420w,\n//images.ctfassets.net/eqb1x10m46e1/2wRNHwKgtUM5Hyl4boeVfD/778ecbfc8c13736ce6fc64b5688f4763/netgear.jpg?w=840&h=1122&q=90&fm=webp 840w","sizes":"(max-width: 840px) 100vw, 840px"}},"metaData":{"title":"Netgear","metaTitle":"Baunfire | Netgear Website Case Study | Web Design, User Experience, eCommerce","description":"Netgear reached out to Baunfire to help drive user traffic, engagement, and conversion with an all-new corporate website. Explore the case study here.","keywords":"baunfire, netgear, case study, website, web design, ui, ux, user interface, user experience, interactive, ecommerce, ecomm, digital design, digital strategy, brand strategy, marketing, creative"}}}]},"allInsightJson":{"edges":[{"node":{"id":"6819e045-a5f5-5263-a117-cf101701e37c","title":"Great Web Design is More Important than Ever Before","slug":"great-web-design-is-more-important-than-ever-before","category":"Web & Digital Design","keyImage":{"fluid":{"aspectRatio":1.7777777777777777,"src":"//images.ctfassets.net/eqb1x10m46e1/6zPku87teYcFIuWHK3YF7U/6c16aed485a090c3c67fc5d5331c7341/Baunfire-Blog-2019-17.jpg?w=560&q=90","srcSet":"//images.ctfassets.net/eqb1x10m46e1/6zPku87teYcFIuWHK3YF7U/6c16aed485a090c3c67fc5d5331c7341/Baunfire-Blog-2019-17.jpg?w=140&h=79&q=90 140w,\n//images.ctfassets.net/eqb1x10m46e1/6zPku87teYcFIuWHK3YF7U/6c16aed485a090c3c67fc5d5331c7341/Baunfire-Blog-2019-17.jpg?w=280&h=158&q=90 280w,\n//images.ctfassets.net/eqb1x10m46e1/6zPku87teYcFIuWHK3YF7U/6c16aed485a090c3c67fc5d5331c7341/Baunfire-Blog-2019-17.jpg?w=560&h=315&q=90 560w,\n//images.ctfassets.net/eqb1x10m46e1/6zPku87teYcFIuWHK3YF7U/6c16aed485a090c3c67fc5d5331c7341/Baunfire-Blog-2019-17.jpg?w=840&h=473&q=90 840w,\n//images.ctfassets.net/eqb1x10m46e1/6zPku87teYcFIuWHK3YF7U/6c16aed485a090c3c67fc5d5331c7341/Baunfire-Blog-2019-17.jpg?w=1120&h=630&q=90 1120w,\n//images.ctfassets.net/eqb1x10m46e1/6zPku87teYcFIuWHK3YF7U/6c16aed485a090c3c67fc5d5331c7341/Baunfire-Blog-2019-17.jpg?w=1680&h=945&q=90 1680w,\n//images.ctfassets.net/eqb1x10m46e1/6zPku87teYcFIuWHK3YF7U/6c16aed485a090c3c67fc5d5331c7341/Baunfire-Blog-2019-17.jpg?w=4608&h=2592&q=90 4608w","srcWebp":"//images.ctfassets.net/eqb1x10m46e1/6zPku87teYcFIuWHK3YF7U/6c16aed485a090c3c67fc5d5331c7341/Baunfire-Blog-2019-17.jpg?w=560&q=90&fm=webp","srcSetWebp":"//images.ctfassets.net/eqb1x10m46e1/6zPku87teYcFIuWHK3YF7U/6c16aed485a090c3c67fc5d5331c7341/Baunfire-Blog-2019-17.jpg?w=140&h=79&q=90&fm=webp 140w,\n//images.ctfassets.net/eqb1x10m46e1/6zPku87teYcFIuWHK3YF7U/6c16aed485a090c3c67fc5d5331c7341/Baunfire-Blog-2019-17.jpg?w=280&h=158&q=90&fm=webp 280w,\n//images.ctfassets.net/eqb1x10m46e1/6zPku87teYcFIuWHK3YF7U/6c16aed485a090c3c67fc5d5331c7341/Baunfire-Blog-2019-17.jpg?w=560&h=315&q=90&fm=webp 560w,\n//images.ctfassets.net/eqb1x10m46e1/6zPku87teYcFIuWHK3YF7U/6c16aed485a090c3c67fc5d5331c7341/Baunfire-Blog-2019-17.jpg?w=840&h=473&q=90&fm=webp 840w,\n//images.ctfassets.net/eqb1x10m46e1/6zPku87teYcFIuWHK3YF7U/6c16aed485a090c3c67fc5d5331c7341/Baunfire-Blog-2019-17.jpg?w=1120&h=630&q=90&fm=webp 1120w,\n//images.ctfassets.net/eqb1x10m46e1/6zPku87teYcFIuWHK3YF7U/6c16aed485a090c3c67fc5d5331c7341/Baunfire-Blog-2019-17.jpg?w=1680&h=945&q=90&fm=webp 1680w,\n//images.ctfassets.net/eqb1x10m46e1/6zPku87teYcFIuWHK3YF7U/6c16aed485a090c3c67fc5d5331c7341/Baunfire-Blog-2019-17.jpg?w=4608&h=2592&q=90&fm=webp 4608w","sizes":"(max-width: 560px) 100vw, 560px"}}}},{"node":{"id":"0840fc82-dac8-5eb7-a820-dd54e978de22","title":"Is Your Website Obsolete?","slug":"is-your-website-obsolete","category":"Web & Digital Design","keyImage":{"fluid":{"aspectRatio":1.7776951672862453,"src":"//images.ctfassets.net/eqb1x10m46e1/qqR3rgcAz3thlA1SKc06k/3fa62426aa42dc976369fa528bbb5ba3/Baunfire-Blog-2019-15.jpg?w=560&q=90","srcSet":"//images.ctfassets.net/eqb1x10m46e1/qqR3rgcAz3thlA1SKc06k/3fa62426aa42dc976369fa528bbb5ba3/Baunfire-Blog-2019-15.jpg?w=140&h=79&q=90 140w,\n//images.ctfassets.net/eqb1x10m46e1/qqR3rgcAz3thlA1SKc06k/3fa62426aa42dc976369fa528bbb5ba3/Baunfire-Blog-2019-15.jpg?w=280&h=158&q=90 280w,\n//images.ctfassets.net/eqb1x10m46e1/qqR3rgcAz3thlA1SKc06k/3fa62426aa42dc976369fa528bbb5ba3/Baunfire-Blog-2019-15.jpg?w=560&h=315&q=90 560w,\n//images.ctfassets.net/eqb1x10m46e1/qqR3rgcAz3thlA1SKc06k/3fa62426aa42dc976369fa528bbb5ba3/Baunfire-Blog-2019-15.jpg?w=840&h=473&q=90 840w,\n//images.ctfassets.net/eqb1x10m46e1/qqR3rgcAz3thlA1SKc06k/3fa62426aa42dc976369fa528bbb5ba3/Baunfire-Blog-2019-15.jpg?w=1120&h=630&q=90 1120w,\n//images.ctfassets.net/eqb1x10m46e1/qqR3rgcAz3thlA1SKc06k/3fa62426aa42dc976369fa528bbb5ba3/Baunfire-Blog-2019-15.jpg?w=1680&h=945&q=90 1680w,\n//images.ctfassets.net/eqb1x10m46e1/qqR3rgcAz3thlA1SKc06k/3fa62426aa42dc976369fa528bbb5ba3/Baunfire-Blog-2019-15.jpg?w=4782&h=2690&q=90 4782w","srcWebp":"//images.ctfassets.net/eqb1x10m46e1/qqR3rgcAz3thlA1SKc06k/3fa62426aa42dc976369fa528bbb5ba3/Baunfire-Blog-2019-15.jpg?w=560&q=90&fm=webp","srcSetWebp":"//images.ctfassets.net/eqb1x10m46e1/qqR3rgcAz3thlA1SKc06k/3fa62426aa42dc976369fa528bbb5ba3/Baunfire-Blog-2019-15.jpg?w=140&h=79&q=90&fm=webp 140w,\n//images.ctfassets.net/eqb1x10m46e1/qqR3rgcAz3thlA1SKc06k/3fa62426aa42dc976369fa528bbb5ba3/Baunfire-Blog-2019-15.jpg?w=280&h=158&q=90&fm=webp 280w,\n//images.ctfassets.net/eqb1x10m46e1/qqR3rgcAz3thlA1SKc06k/3fa62426aa42dc976369fa528bbb5ba3/Baunfire-Blog-2019-15.jpg?w=560&h=315&q=90&fm=webp 560w,\n//images.ctfassets.net/eqb1x10m46e1/qqR3rgcAz3thlA1SKc06k/3fa62426aa42dc976369fa528bbb5ba3/Baunfire-Blog-2019-15.jpg?w=840&h=473&q=90&fm=webp 840w,\n//images.ctfassets.net/eqb1x10m46e1/qqR3rgcAz3thlA1SKc06k/3fa62426aa42dc976369fa528bbb5ba3/Baunfire-Blog-2019-15.jpg?w=1120&h=630&q=90&fm=webp 1120w,\n//images.ctfassets.net/eqb1x10m46e1/qqR3rgcAz3thlA1SKc06k/3fa62426aa42dc976369fa528bbb5ba3/Baunfire-Blog-2019-15.jpg?w=1680&h=945&q=90&fm=webp 1680w,\n//images.ctfassets.net/eqb1x10m46e1/qqR3rgcAz3thlA1SKc06k/3fa62426aa42dc976369fa528bbb5ba3/Baunfire-Blog-2019-15.jpg?w=4782&h=2690&q=90&fm=webp 4782w","sizes":"(max-width: 560px) 100vw, 560px"}}}}]}},"pageContext":{}}