{"data":{"aboutJson":{"metaData":{"title":"关于我们","metaTitle":"采撷科技 | 关于我们 | 北京采撷科技有限公司 | 网站设计, 创新服务, 品牌战略, APP开发, 小程序开发","description":"采撷科技提供互联网产品战略设计服务，技术外包开发服务，产品孵化服务。","keywords":"采撷科技, 关于我们, 数字设计, 网站, 网站设计, 网站开发, ui, ux, 用户界面, 用户体验, 交互, 创新, 策略, 品牌, 科技"},"heroHeadline":"采撷=互联网业务咨询公司+产品孵化公司+技术服务公司","statementRibbonText":"一个数字机构","statementText":"我们坚持所有资源集中服务现有签约客户， 以声誉赢得业务。不设专门团队发展新客户，不参与比稿 ， 我们真诚希望客户在充分了解采撷的前提下进行合作，期待您明智选择。"}},"pageContext":{}}